seed,selected_alleles,score_randomized,score_minimized,positions_changed,excluded_positions,unchanged_or_tied,second_pass_changes
1,52,42.11000000000002,34.69000000000002,14,38,0,0
2,52,41.43000000000002,34.69000000000002,13,39,0,0
3,52,41.11000000000002,34.69000000000002,12,40,0,0
4,52,41.43000000000002,34.69000000000002,13,39,0,0
5,52,41.10000000000002,34.690000000000026,12,40,0,0
6,52,41.450000000000024,34.690000000000026,13,39,0,0
7,52,40.43000000000002,34.69000000000002,11,41,0,0
8,52,41.09000000000002,34.69000000000002,12,40,0,0
9,52,41.11000000000002,34.69000000000002,12,40,0,0
10,52,41.450000000000024,34.690000000000026,13,39,0,0
